sku,stock
PS-SL-A287,25
PS-SL-A288,20
PS-SL-H309,3
PS-SL-H310,35
PS-SL-F342,43
PS-SL-F343,49
PS-SL-F344,7
PS-SL-F345,40
PS-SL-B122,16
PS-SL-A123,15
PS-SL-C280,42
PS-SL-C193,49
PS-SL-L327,30
PS-SL-L393,4
PS-PL-C295,2
PS-PL-C167,15
PS-PL-S459,40
PS-PL-S236,29
PS-PL-F206,16
PS-PL-F158,8
PS-PL-F242,6
PS-PL-F388,0
PS-PL-W140,11
PS-PL-W381,18
PS-PL-R186,39
PS-TS-T264,36
PS-TS-A318,14
CO-CO-V310,121
CO-CO-N311,124
CO-CO-M328,214
CO-DL-T316,50
CO-DL-A239,103
CO-DL-A230,148
CO-RD-I380,168
CO-RD-S282,352
CO-RD-R296,162
CO-AM-B209,88
CO-AM-S185,242
CO-AM-S393,89
PS-SL-A287,47
PS-SL-A288,45
PS-SL-H309,35
PS-SL-H310,19
PS-SL-F342,34
PS-SL-F343,43
PS-SL-F344,10
PS-SL-F345,33
PS-SL-B122,32
PS-SL-A123,31
PS-SL-C280,2
PS-SL-C193,41
PS-SL-L327,0
PS-SL-L393,15
PS-PL-C295,44
PS-PL-C167,41
PS-PL-S459,39
PS-PL-S236,23
PS-PL-F206,38
PS-PL-F158,39
PS-PL-F242,6
PS-PL-F388,32
PS-PL-W140,40
PS-PL-W381,16
PS-PL-R186,38
PS-TS-T264,45
PS-TS-A318,7
CO-CO-V310,59
CO-CO-N311,256
CO-CO-M328,230
CO-DL-T316,270
CO-DL-A239,222
CO-DL-A230,125
CO-RD-I380,189
CO-RD-S282,388
CO-RD-R296,125
CO-AM-B209,384
CO-AM-S185,303
CO-AM-S393,222
29000462,195
29000469,322
7900128,66
82500380,214
7900063,117
2510188,245
9665304,148
23000362,239
81028220,235
81603000,678
81603030,138
86000121,113
86000123,522
86000124,327
39000221,174
39000224,222
2000287,65
8210677,160
9665303,109
45000222,118
7900012,169
7900014,387
7900015,155
9664144,37
9665306,233
2530003,214
2530020,455
7903986,228
8220072,44
83008200,116
83008300,109
83008400,177
89820200,164
83600200,184
83600300,288
9664145,248
9664146,188
9664147,97
29000462,189
29000469,473
7900128,73
82500380,483
7900063,397
2510188,511
9665304,304
23000362,425
81028220,196
81603000,489
81603030,221
86000121,189
86000123,484
86000124,447
39000221,184
39000224,291
2000287,14
8210677,310
9665303,100
45000222,220
7900012,342
7900014,482
7900015,176
9664144,548
9665306,198
2530003,205
2530020,536
7903986,467
8220072,83
83008200,167
83008300,107
83008400,250
89820200,155
83600200,118
83600300,323
9664145,273
9664146,259
9664147,27
